<keymap version="1" name="m1nqKeyMap" parent="VSCode OSX">
  <action id="ActivateProjectToolWindow">
    <keyboard-shortcut first-keystroke="meta b" />
  </action>
  <action id="ActivateTerminalToolWindow">
    <keyboard-shortcut first-keystroke="meta quote" />
  </action>
  <action id="ChangesView.AddUnversioned">
    <keyboard-shortcut first-keystroke="meta alt a" />
    <keyboard-shortcut first-keystroke="ctrl g" second-keystroke="a" />
  </action>
  <action id="CheckinProject">
    <keyboard-shortcut first-keystroke="ctrl g" second-keystroke="c" />
  </action>
  <action id="CodeCompletion">
    <keyboard-shortcut first-keystroke="alt space" />
  </action>
  <action id="CollapseAllRegions">
    <keyboard-shortcut first-keystroke="meta alt minus" />
  </action>
  <action id="Console.TableResult.NavigateExportedAction">
    <keyboard-shortcut first-keystroke="shift alt f12" />
  </action>
  <action id="ContextRun">
    <keyboard-shortcut first-keystroke="meta semicolon" second-keystroke="semicolon" />
  </action>
  <action id="Diff.ApplyRightSide" />
  <action id="EditorDeleteToWordEnd" />
  <action id="EditorDeleteToWordEndInDifferentHumpsMode">
    <keyboard-shortcut first-keystroke="alt delete" />
  </action>
  <action id="EditorDeleteToWordStart" />
  <action id="EditorDeleteToWordStartInDifferentHumpsMode">
    <keyboard-shortcut first-keystroke="alt back_space" />
  </action>
  <action id="EditorDuplicate" />
  <action id="EditorDuplicateLines">
    <keyboard-shortcut first-keystroke="shift alt down" />
  </action>
  <action id="EditorNextWord" />
  <action id="EditorNextWordInDifferentHumpsMode">
    <keyboard-shortcut first-keystroke="alt right" />
  </action>
  <action id="EditorNextWordInDifferentHumpsModeWithSelection">
    <keyboard-shortcut first-keystroke="shift alt right" />
  </action>
  <action id="EditorNextWordWithSelection">
    <keyboard-shortcut first-keystroke="shift ctrl alt f" />
  </action>
  <action id="EditorPreviousWord" />
  <action id="EditorPreviousWordInDifferentHumpsMode">
    <keyboard-shortcut first-keystroke="alt left" />
  </action>
  <action id="EditorPreviousWordInDifferentHumpsModeWithSelection">
    <keyboard-shortcut first-keystroke="shift alt left" />
  </action>
  <action id="EditorPreviousWordWithSelection">
    <keyboard-shortcut first-keystroke="shift ctrl alt b" />
  </action>
  <action id="EditorTextEndWithSelection">
    <keyboard-shortcut first-keystroke="shift meta end" />
    <keyboard-shortcut first-keystroke="shift meta down" />
  </action>
  <action id="EditorTextStartWithSelection">
    <keyboard-shortcut first-keystroke="shift meta home" />
    <keyboard-shortcut first-keystroke="shift meta up" />
  </action>
  <action id="EditorToggleCase">
    <keyboard-shortcut first-keystroke="ctrl t" second-keystroke="t" />
  </action>
  <action id="EditorTranspose" />
  <action id="ExpandAllRegions">
    <keyboard-shortcut first-keystroke="meta alt equals" />
  </action>
  <action id="ExtractFunctionToScope">
    <keyboard-shortcut first-keystroke="shift meta alt m" />
    <keyboard-shortcut first-keystroke="meta semicolon" second-keystroke="shift m" />
  </action>
  <action id="ExtractMethod">
    <keyboard-shortcut first-keystroke="meta alt m" />
    <keyboard-shortcut first-keystroke="meta semicolon" second-keystroke="m" />
  </action>
  <action id="Git.Add">
    <keyboard-shortcut first-keystroke="ctrl g" second-keystroke="a" />
  </action>
  <action id="GotoImplementation">
    <keyboard-shortcut first-keystroke="meta f12" />
    <keyboard-shortcut first-keystroke="ctrl comma" />
  </action>
  <action id="GotoLine" />
  <action id="GotoRow" />
  <action id="HideSideWindows" />
  <action id="Images.Editor.ToggleGrid" />
  <action id="Inline">
    <keyboard-shortcut first-keystroke="meta alt n" />
    <keyboard-shortcut first-keystroke="meta semicolon" second-keystroke="n" />
  </action>
  <action id="IntroduceParameter">
    <keyboard-shortcut first-keystroke="meta alt p" />
    <keyboard-shortcut first-keystroke="meta semicolon" second-keystroke="p" />
  </action>
  <action id="MoveElementLeft" />
  <action id="MoveElementRight" />
  <action id="NewElementInMenuGroup">
    <keyboard-shortcut first-keystroke="shift meta n" />
  </action>
  <action id="NewScratchFile" />
  <action id="NextSplitter">
    <keyboard-shortcut first-keystroke="shift meta alt right" />
  </action>
  <action id="ParameterInfo">
    <keyboard-shortcut first-keystroke="shift meta period" />
  </action>
  <action id="PrevSplitter">
    <keyboard-shortcut first-keystroke="shift meta alt left" />
  </action>
  <action id="QuickImplementations">
    <keyboard-shortcut first-keystroke="alt f12" />
  </action>
  <action id="QuickJavaDoc">
    <mouse-shortcut keystroke="control button2" />
    <keyboard-shortcut first-keystroke="meta k" second-keystroke="meta i" />
    <keyboard-shortcut first-keystroke="shift meta space" />
  </action>
  <action id="Refactorings.QuickListPopupAction">
    <keyboard-shortcut first-keystroke="meta semicolon" second-keystroke="r" />
  </action>
  <action id="ResizeToolWindowDown">
    <keyboard-shortcut first-keystroke="ctrl meta down" />
  </action>
  <action id="ResizeToolWindowLeft">
    <keyboard-shortcut first-keystroke="ctrl meta left" />
  </action>
  <action id="ResizeToolWindowRight">
    <keyboard-shortcut first-keystroke="ctrl meta right" />
  </action>
  <action id="ResizeToolWindowUp">
    <keyboard-shortcut first-keystroke="ctrl meta up" />
  </action>
  <action id="Run">
    <keyboard-shortcut first-keystroke="meta semicolon" second-keystroke="semicolon" />
  </action>
  <action id="ServiceView.GroupByContributor" />
  <action id="ShowProjectStructureSettings" />
  <action id="ShowUsages">
    <keyboard-shortcut first-keystroke="shift f12" />
    <keyboard-shortcut first-keystroke="ctrl period" />
  </action>
  <action id="SplitHorizontally">
    <keyboard-shortcut first-keystroke="shift meta back_slash" />
  </action>
  <action id="Stop">
    <keyboard-shortcut first-keystroke="ctrl c" />
  </action>
  <action id="StretchSplitToBottom">
    <keyboard-shortcut first-keystroke="ctrl meta down" />
  </action>
  <action id="StretchSplitToLeft">
    <keyboard-shortcut first-keystroke="ctrl meta left" />
  </action>
  <action id="StretchSplitToRight">
    <keyboard-shortcut first-keystroke="ctrl meta right" />
  </action>
  <action id="StretchSplitToTop">
    <keyboard-shortcut first-keystroke="ctrl meta up" />
  </action>
  <action id="UsageGrouping.UsageType" />
  <action id="Vcs.Push">
    <keyboard-shortcut first-keystroke="ctrl g" second-keystroke="p" />
  </action>
  <action id="VcsGroups">
    <keyboard-shortcut first-keystroke="ctrl g" second-keystroke="g" />
  </action>
  <action id="me.laria.code.idea_caseconv.CamelCaseAction">
    <keyboard-shortcut first-keystroke="ctrl t" second-keystroke="c" />
  </action>
  <action id="me.laria.code.idea_caseconv.LowerCaseAction">
    <keyboard-shortcut first-keystroke="ctrl t" second-keystroke="l" />
  </action>
  <action id="me.laria.code.idea_caseconv.SnakeCaseAction">
    <keyboard-shortcut first-keystroke="ctrl t" second-keystroke="s" />
  </action>
  <action id="me.laria.code.idea_caseconv.UpperCaseAction">
    <keyboard-shortcut first-keystroke="ctrl t" second-keystroke="u" />
  </action>
  <action id="org.jetbrains.security.toolwindow.tree.actions.FindUsagesAction">
    <keyboard-shortcut first-keystroke="shift alt f12" />
  </action>
</keymap>