<application>
  <component name="easyRequest">
    <option name="domain" value="http://localhost:8080" />
    <option name="paramGroup">
      <ParamGroup>
        <option name="className" value="com.example.sessiondir.MyController" />
        <option name="method" value="hello" />
        <option name="methodDescription" value="" />
        <option name="methodType" value="GET" />
        <option name="module" value="session-dir.main" />
        <option name="originUrl" value="" />
        <option name="url" value="" />
      </ParamGroup>
    </option>
    <option name="randomStringLength" value="5" />
  </component>
</application>