<application>
  <component name="Translation.Cache">
    <option name="lastTrimTime" value="1677062055354" />
  </component>
  <component name="Translation.States">
    <option name="newTranslationDialogHeight" value="556" />
    <option name="newTranslationDialogX" value="578" />
    <option name="newTranslationDialogY" value="76" />
    <histories>
      <item value="Always return true since any method argument and return value type will be processed in some way. A method argument not recognized by any HandlerMethodArgumentResolver is interpreted as a request parameter if it is a simple type, or as a model attribute otherwise. A return value not recognized by any HandlerMethodReturnValueHandler will be interpreted as a model attribute" />
      <item value="1" />
      <item value="When logging a message there are several important requirements which must be fulfilled: The user must be able to easily retrieve the logs The format of all logged message must be uniform to allow the user to easily read the log Logged data must actually be recorded Sensitive data must only be logged securely If a program directly writes to the standard outputs, there is absolutely no way to comply with those requirements. That’s why defining and using a dedicated logger is highly recommended. Noncompliant Code Example System.out.println(&quot;My Message&quot;); Noncompliant Compliant Solution logger.log(&quot;My Message&quot;); See" />
      <item value="customer" />
    </histories>
    <option name="languageScores">
      <map>
        <entry key="ENGLISH" value="2" />
        <entry key="KOREAN" value="3" />
      </map>
    </option>
  </component>
</application>