<application>
  <component name="HighlightTokenConfiguration">
    <option name="highlightTokenMap">
      <map>
        <entry key="COMMENT">
          <value>
            <list>
              <option value="FIXME" />
              <option value="NOTE" />
              <option value="BUG" />
              <option value="!" />
              <option value="?" />
              <option value="*" />
              <option value="." />
              <option value="@" />
              <option value="#" />
            </list>
          </value>
        </entry>
        <entry key="KEYWORD">
          <value>
            <list>
              <option value="orangwooooooooooooo" />
            </list>
          </value>
        </entry>
        <entry key="METHOD_KEYWORD">
          <value>
            <list>
              <option value="__public" />
              <option value="private" />
            </list>
          </value>
        </entry>
      </map>
    </option>
  </component>
</application>