<application>
  <component name="Translation.Cache">
    <option name="lastTrimTime" value="1680871773412" />
  </component>
  <component name="Translation.States">
    <option name="newTranslationDialogHeight" value="556" />
    <option name="newTranslationDialogWidth" value="1014" />
    <option name="newTranslationDialogX" value="500" />
    <option name="newTranslationDialogY" value="522" />
    <histories>
      <item value="Can be used e.g. with Spring MVC handler methods arguments. Supported through org.springframework.validation.SmartValidator's validation hint concept, with validation group classes acting as hint objects. Can also be used with method level validation, indicating that a specific class is supposed to be validated at the method level (acting as a pointcut for the corresponding validation interceptor), but also optionally specifying the validation groups for method-level validation in the annotated class. Applying this annotation at the method level allows for overriding the validation groups for a specific method but does not serve as a pointcut; a class-level annotation is nevertheless necessary to trigger method validation for a specific bean to begin with. Can also be used as a meta-annotation on a custom stereotype annotation or a custom group-specific validated annotation." />
      <item value="Variant of JSR-303's jakarta.validation.Valid, supporting the specification of validation groups. Designed for convenient use with Spring's JSR-303 support but not JSR-303 specific. Can be used e.g. with Spring MVC handler methods arguments. Supported through org.springframework.validation.SmartValidator's validation hint concept, with validation group classes acting as hint objects. Can also be used with method level validation, indicating that a specific class is supposed to be validated at the method level (acting as a pointcut for the corresponding validation interceptor), but also optionally specifying the validation groups for method-level validation in the annotated class. Applying this annotation at the method level allows for overriding the validation groups for a specific method but does not serve as a pointcut; a class-level annotation is nevertheless necessary to trigger method validation for a specific bean to begin with. Can also be used as a meta-annotation on a custom stereotype annotation or a custom group-specific validated annotation." />
      <item value="Unknown exception, typically a wrapper with a common MVC exception as cause (since @ExceptionHandler type declarations also match nested causes): We only deal with top-level MVC exceptions here, so let's rethrow the given exception for further processing through the HandlerExceptionResolver chain." />
      <item value="Set a specific leeway window in seconds in which the Expires At (&quot;exp&quot;) Claim will still be valid. Expiration Date is always verified when the value is present. This method overrides the value set with acceptLeeway" />
      <item value="automate gradual promotion" />
      <item value="the last example in the list would use a repository credential template, configured under &quot;argocd-repo-creds.yaml&quot;." />
      <item value="Always return true since any method argument and return value type will be processed in some way. A method argument not recognized by any HandlerMethodArgumentResolver is interpreted as a request parameter if it is a simple type, or as a model attribute otherwise. A return value not recognized by any HandlerMethodReturnValueHandler will be interpreted as a model attribute" />
      <item value="1" />
      <item value="When logging a message there are several important requirements which must be fulfilled: The user must be able to easily retrieve the logs The format of all logged message must be uniform to allow the user to easily read the log Logged data must actually be recorded Sensitive data must only be logged securely If a program directly writes to the standard outputs, there is absolutely no way to comply with those requirements. That’s why defining and using a dedicated logger is highly recommended. Noncompliant Code Example System.out.println(&quot;My Message&quot;); Noncompliant Compliant Solution logger.log(&quot;My Message&quot;); See" />
      <item value="customer" />
    </histories>
    <option name="languageScores">
      <map>
        <entry key="ENGLISH" value="5" />
        <entry key="KOREAN" value="7" />
      </map>
    </option>
  </component>
</application>