<application>
  <component name="easyRequest">
    <option name="domain" value="http://localhost:8080" />
    <option name="globalHeaderList">
      <list>
        <DataMapping>
          <option name="type" value="accept" />
          <option name="value" value="application/json" />
        </DataMapping>
        <DataMapping>
          <option name="type" value="accept-language" />
          <option name="value" value="ko-KR,ko" />
        </DataMapping>
        <DataMapping>
          <option name="type" value="content-type" />
          <option name="value" value="application/json" />
        </DataMapping>
        <DataMapping>
          <option name="type" value="Authorization" />
          <option name="value" value="Bearer eyJ0eXAiOiJKV1QiLCJhbGciOiJIUzUxMiJ9.eyJzdWIiOiIxIiwicm9sZSI6Ik1FTUJFUiIsIm5hbWUiOiJhZG1pbiIsImlzcyI6Imh0dHBzOi8vMmNoYS5wbGFjZSIsImV4cCI6MTY4OTAwMTU3MywiZW1haWwiOiJhZG1pbkAyY2hhLmNvbSJ9.pjwmFOb85i5nnkbGykQESbHa5CuSXErf8XowMpnsPz-eRW_QyIgw7BHoGL8qIJJ7ca43C-DVi-YzMQaKjNA7XA" />
        </DataMapping>
      </list>
    </option>
    <option name="paramGroup">
      <ParamGroup>
        <option name="className" value="com._2cha.demo.review.controller.TagController" />
        <option name="method" value="fuzzySearchTagsByHangul" />
        <option name="methodDescription" value="" />
        <option name="methodType" value="GET" />
        <option name="module" value="demo.main" />
        <option name="originUrl" value="/tags" />
        <option name="requestParamMap">
          <map>
            <entry key="query">
              <value>
                <Object />
              </value>
            </entry>
          </map>
        </option>
        <option name="url" value="/tags" />
      </ParamGroup>
    </option>
    <option name="randomStringLength" value="5" />
  </component>
</application>