<application>
  <component name="NodeJsLocalInterpreterManager">
    <local-interpreter path="/usr/local/Cellar/node/19.7.0/bin/node">
      <version-cache version="19.7.0" last-modified="1677523381527" />
    </local-interpreter>
    <local-interpreter path="/usr/local/bin/node">
      <version-cache version="19.7.0" last-modified="1677523381527" />
    </local-interpreter>
    <local-interpreter path="/usr/local/Cellar/node/18.10.0/bin/node">
      <version-cache last-modified="0" />
    </local-interpreter>
  </component>
</application>