<application>
  <component name="ProjectManager">
    <defaultProject>
      <component name="BookmarksManager">
        <option name="groups">
          <GroupState>
            <option name="name" value="Default (Template) Project" />
          </GroupState>
        </option>
      </component>
      <component name="CheckStyle-IDEA" serialisationVersion="2">
        <checkstyleVersion>10.5.0</checkstyleVersion>
        <scanScope>JavaOnly</scanScope>
        <option name="thirdPartyClasspath" />
        <option name="activeLocationIds" />
        <option name="locations">
          <list>
            <ConfigurationLocation id="bundled-sun-checks" type="BUNDLED" scope="All" description="Sun Checks">(bundled)</ConfigurationLocation>
            <ConfigurationLocation id="bundled-google-checks" type="BUNDLED" scope="All" description="Google Checks">(bundled)</ConfigurationLocation>
          </list>
        </option>
      </component>
      <component name="ProjectViewState">
        <option name="hideEmptyMiddlePackages" value="true" />
        <option name="showLibraryContents" value="true" />
      </component>
      <component name="PropertiesComponent">{
  &quot;keyToString&quot;: {
    &quot;settings.editor.selected.configurable&quot;: &quot;preferences.lookFeel&quot;
  }
}</component>
      <component name="WindowStateProjectService">
        <state x="1529" y="382" key="#실행/디버그_구성_템플릿" timestamp="1672838566347">
          <screen x="0" y="0" width="2560" height="1440" />
        </state>
        <state x="1529" y="382" key="#실행/디버그_구성_템플릿/0.0.2560.1440" timestamp="1672838566347" />
        <state x="229" y="94" key="SettingsEditor" timestamp="1672040553960">
          <screen x="0" y="0" width="1440" height="900" />
        </state>
        <state x="229" y="94" key="SettingsEditor/0.0.1440.900" timestamp="1672040553960" />
      </component>
    </defaultProject>
  </component>
</application>