<application>
  <component name="easyRequest">
    <option name="domain" value="http://localhost:8080" />
    <option name="globalHeaderList">
      <list>
        <DataMapping>
          <option name="type" value="accept" />
          <option name="value" value="application/json" />
        </DataMapping>
        <DataMapping>
          <option name="type" value="accept-language" />
          <option name="value" value="ko-KR,ko" />
        </DataMapping>
        <DataMapping>
          <option name="type" value="content-type" />
          <option name="value" value="application/json" />
        </DataMapping>
        <DataMapping>
          <option name="type" value="Authorization" />
          <option name="value" value="Bearer eyJ0eXAiOiJKV1QiLCJhbGciOiJIUzUxMiJ9.eyJzdWIiOiIxIiwicm9sZSI6IkFETUlOIiwibmFtZSI6ImFkbWluIiwiaXNzIjoiaHR0cHM6Ly8yY2hhLnBsYWNlIiwiZXhwIjoxNzAwMDAxNTczLCJlbWFpbCI6ImFkbWluQDJjaGEuY29tIn0.QsQCsI0pFS8_s6rBQ9cebyolJh1ArMf1aLKEoGl1x5uSV8_bZDZqXPNB8twLoGT_0Oof0OIOVWFvp7lXqTdVAg" />
        </DataMapping>
      </list>
    </option>
    <option name="paramGroup">
      <ParamGroup>
        <option name="className" value="m1nq.play.MyHandler" />
        <option name="method" value="hello" />
        <option name="methodDescription" value="" />
        <option name="methodType" value="GET" />
        <option name="module" value="play.main" />
        <option name="originUrl" value="" />
        <option name="url" value="" />
      </ParamGroup>
    </option>
    <option name="randomStringLength" value="5" />
  </component>
</application>