<application>
  <component name="CodeInsightSettings">
    <option name="REFORMAT_ON_PASTE" value="1" />
    <option name="INDENT_TO_CARET_ON_PASTE" value="true" />
    <option name="USE_INSTANCEOF_ON_EQUALS_PARAMETER" value="true" />
    <option name="ADD_UNAMBIGIOUS_IMPORTS_ON_THE_FLY" value="true" />
    <EXCLUDED_PACKAGE NAME="com.mysema.commons.lang.Assert" />
    <EXCLUDED_PACKAGE NAME="org.junit.jupiter.api.Assertions" />
  </component>
  <component name="CodeVisionSettings">
    <option name="codeVisionGroupToPosition">
      <map>
        <entry key="inheritors" value="Default" />
        <entry key="problems" value="Right" />
        <entry key="references" value="Default" />
        <entry key="vcs.code.vision" value="Right" />
      </map>
    </option>
    <option name="disabledCodeVisionProviderIds">
      <set>
        <option value="problems" />
        <option value="references" />
      </set>
    </option>
  </component>
  <component name="EditorSettings">
    <option name="USE_SOFT_WRAPS" value="" />
    <option name="ENABLE_RENDERED_DOC" value="true" />
  </component>
  <component name="InlayHintsSettings">
    <option name="disabledHintProviderIds">
      <set>
        <option value="JAVA.annotation.hints" />
        <option value="JAVA.java.implicit.types" />
      </set>
    </option>
    <option name="lastViewedProviderKeyId" value="JAVA.java.implicit.types" />
    <settingsMapElement>
      <JAVA.annotation.hints>
        <Settings>
          <option name="showExternal" value="false" />
        </Settings>
      </JAVA.annotation.hints>
    </settingsMapElement>
  </component>
  <component name="TodoConfiguration">
    <pattern icon="question" useCustomColors="true" pattern="\btodo\b(?=:)">
      <option name="FOREGROUND" value="f3fbfe" />
      <option name="BACKGROUND" value="4c9f53" />
      <option name="FONT_TYPE" value="3" />
    </pattern>
    <pattern icon="important" useCustomColors="true" pattern="\bfixme\b.*">
      <option name="FOREGROUND" value="c08321" />
      <option name="FONT_TYPE" value="2" />
      <option name="ERROR_STRIPE_COLOR" value="977ab" />
    </pattern>
    <pattern icon="important" useCustomColors="true" pattern="(?&lt;=note:).*">
      <option name="FOREGROUND" value="c05994" />
      <option name="FONT_TYPE" value="1" />
      <option name="EFFECT_COLOR" value="e2dbde" />
      <option name="EFFECT_TYPE" value="1" />
    </pattern>
    <pattern icon="important" useCustomColors="true" pattern="\bnote\b(?=:)">
      <option name="FOREGROUND" value="e4e8d6" />
      <option name="BACKGROUND" value="d0a7b4" />
      <option name="FONT_TYPE" value="1" />
    </pattern>
    <pattern icon="question" useCustomColors="true" pattern="(?&lt;=todo:).*">
      <option name="FOREGROUND" value="feffef" />
      <option name="FONT_TYPE" value="2" />
      <option name="ERROR_STRIPE_COLOR" value="977ab" />
    </pattern>
  </component>
</application>