<application>
  <component name="FileTypeManager" version="18">
    <ignoreFiles list="*$py.class;*.pyc;*.pyo;*.rbc;*.yarb;*~;.DS_Store;.git;.hg;.svn;CVS;__pycache__;_svn;vssver.scc;vssver2.scc" />
    <extensionMap>
      <mapping pattern="nickname-pre" type="AUTO_DETECTED" />
      <mapping pattern="nickname-prefix" type="AUTO_DETECTED" />
      <mapping pattern="id_rsa_gitops" type="AUTO_DETECTED" />
      <mapping pattern="nickname-middle" type="AUTO_DETECTED" />
      <mapping pattern=".htpasswd" type="PLAIN_TEXT" />
      <removed_mapping ext="apk" approved="true" type="ARCHIVE" />
      <removed_mapping ext="dockerignore" approved="true" type="DockerIgnore file" />
      <removed_mapping ext="ignore" approved="true" type="IgnoreLang file" />
      <removed_mapping ext="pdf" approved="true" type="Native" />
      <removed_mapping ext="psd" approved="true" type="Image" />
    </extensionMap>
  </component>
</application>