<application>
  <component name="GeneralSettings">
    <option name="showTipsOnStartup" value="false" />
    <option name="autoSaveFiles" value="false" />
    <option name="confirmExit" value="false" />
  </component>
  <component name="Registry">
    <entry key="ide.experimental.ui" value="true" />
    <entry key="debugger.new.tool.window.layout" value="true" />
    <entry key="compiler.automake.trigger.delay" value="10" />
    <entry key="ide.mac.transparentTitleBarAppearance" value="true" />
    <entry key="ide.experimental.ui.inter.font" value="false" />
  </component>
  <component name="StatusBar">
    <option name="widgets">
      <map>
        <entry key="aws.codewhisperer" value="false" />
      </map>
    </option>
  </component>
</application>