<application>
  <component name="Translation.Cache">
    <option name="lastTrimTime" value="1698135818029" />
  </component>
  <component name="Translation.States">
    <option name="newTranslationDialogHeight" value="556" />
    <option name="newTranslationDialogWidth" value="1014" />
    <option name="newTranslationDialogX" value="500" />
    <option name="newTranslationDialogY" value="522" />
    <histories>
      <item value="It is not required that if two objects are unequal according to the equals method, then calling the hashCode method on each of the two objects must produce distinct integer results." />
      <item value="StabilizationWindowSeconds is the number of seconds for which past recommendations should be considered while scaling up or scaling down. StabilizationWindowSeconds must be greater than or equal to zero and less than or equal to 3600 (one hour). If not set, use the default values: - For scale up: 0 (i.e. no stabilization is done). - For scale down: 300 (i.e. the stabilization window is 300 seconds long)." />
      <item value="A mutable sequence of characters. This class provides an API compatible with StringBuffer, but with no guarantee of synchronization. This class is designed for use as a drop-in replacement for StringBuffer in places where the string buffer was being used by a single thread (as is generally the case). Where possible, it is recommended that this class be used in preference to StringBuffer as it will be faster under most implementations. The principal operations on a StringBuilder are the append and insert methods, which are overloaded so as to accept data of any type. Each effectively converts a given datum to a string and then appends or inserts the characters of that string to the string builder. The append method always adds these characters at the end of the builder; the insert method adds the characters at a specified point. For example, if z refers to a string builder object whose current contents are &quot;start&quot;, then the method call z.append(&quot;le&quot;) would cause the string builder to contain &quot;startle&quot;, whereas z.insert(4, &quot;le&quot;) would alter the string builder to contain &quot;starlet&quot;. In general, if sb refers to an instance of a StringBuilder, then sb.append(x) has the same effect as sb.insert(sb.length(), x). Every string builder has a capacity. As long as the length of the character sequence contained in the string builder does not exceed the capacity, it is not necessary to allocate a new internal buffer. If the internal buffer overflows, it is automatically made larger. Instances of StringBuilder are not safe for use by multiple threads. If such synchronization is required then it is recommended that StringBuffer be used. Unless otherwise noted, passing a null argument to a constructor or method in this class will cause a NullPointerException to be thrown. API 참고 사항: StringBuilder implements Comparable but does not override equals. Thus, the natural ordering of StringBuilder is inconsistent with equals. Care should be exercised if StringBuilder objects are used as keys in a SortedMap or elements in a SortedSet. See Comparable, SortedMap, or SortedSet for more information." />
      <item value="Configuration class used for setting up RedisConnection via RedisConnectionFactory using the provided Master Replica configuration to nodes know to not change address" />
      <item value="Appends all of the elements in the specified collection to the end of this list, in the order that they are returned by the specified collection's iterator (optional operation). The behavior of this operation is undefined if the specified collection is modified while the operation is in progress. (Note that this will occur if the specified collection is this list, and it's nonempty." />
      <item value="is Failed For Token" />
      <item value="Can be used e.g. with Spring MVC handler methods arguments. Supported through org.springframework.validation.SmartValidator's validation hint concept, with validation group classes acting as hint objects. Can also be used with method level validation, indicating that a specific class is supposed to be validated at the method level (acting as a pointcut for the corresponding validation interceptor), but also optionally specifying the validation groups for method-level validation in the annotated class. Applying this annotation at the method level allows for overriding the validation groups for a specific method but does not serve as a pointcut; a class-level annotation is nevertheless necessary to trigger method validation for a specific bean to begin with. Can also be used as a meta-annotation on a custom stereotype annotation or a custom group-specific validated annotation." />
      <item value="Variant of JSR-303's jakarta.validation.Valid, supporting the specification of validation groups. Designed for convenient use with Spring's JSR-303 support but not JSR-303 specific. Can be used e.g. with Spring MVC handler methods arguments. Supported through org.springframework.validation.SmartValidator's validation hint concept, with validation group classes acting as hint objects. Can also be used with method level validation, indicating that a specific class is supposed to be validated at the method level (acting as a pointcut for the corresponding validation interceptor), but also optionally specifying the validation groups for method-level validation in the annotated class. Applying this annotation at the method level allows for overriding the validation groups for a specific method but does not serve as a pointcut; a class-level annotation is nevertheless necessary to trigger method validation for a specific bean to begin with. Can also be used as a meta-annotation on a custom stereotype annotation or a custom group-specific validated annotation." />
      <item value="Unknown exception, typically a wrapper with a common MVC exception as cause (since @ExceptionHandler type declarations also match nested causes): We only deal with top-level MVC exceptions here, so let's rethrow the given exception for further processing through the HandlerExceptionResolver chain." />
      <item value="Set a specific leeway window in seconds in which the Expires At (&quot;exp&quot;) Claim will still be valid. Expiration Date is always verified when the value is present. This method overrides the value set with acceptLeeway" />
      <item value="automate gradual promotion" />
      <item value="the last example in the list would use a repository credential template, configured under &quot;argocd-repo-creds.yaml&quot;." />
      <item value="Always return true since any method argument and return value type will be processed in some way. A method argument not recognized by any HandlerMethodArgumentResolver is interpreted as a request parameter if it is a simple type, or as a model attribute otherwise. A return value not recognized by any HandlerMethodReturnValueHandler will be interpreted as a model attribute" />
      <item value="1" />
      <item value="When logging a message there are several important requirements which must be fulfilled: The user must be able to easily retrieve the logs The format of all logged message must be uniform to allow the user to easily read the log Logged data must actually be recorded Sensitive data must only be logged securely If a program directly writes to the standard outputs, there is absolutely no way to comply with those requirements. That’s why defining and using a dedicated logger is highly recommended. Noncompliant Code Example System.out.println(&quot;My Message&quot;); Noncompliant Compliant Solution logger.log(&quot;My Message&quot;); See" />
      <item value="customer" />
    </histories>
    <option name="languageScores">
      <map>
        <entry key="ENGLISH" value="10" />
        <entry key="KOREAN" value="10" />
      </map>
    </option>
  </component>
</application>